{
    "counter": {
        "ACTIVE": 17583,
        "INACTIVE": 3417,
        "INVALID": 0,
        "MALICIOUS": 0,
        "SANE": 0,
        "VALID": 0,
        "total": 21000
    },
    "percentage": {
        "ACTIVE": 83.72857142857143,
        "INACTIVE": 16.271428571428572,
        "INVALID": 0.0,
        "MALICIOUS": 0.0,
        "SANE": 0.0,
        "VALID": 0.0,
        "total": 100.0
    }
}