{
    "counter": {
        "ACTIVE": 18812,
        "INACTIVE": 2188,
        "INVALID": 0,
        "MALICIOUS": 0,
        "SANE": 0,
        "VALID": 0,
        "total": 21000
    },
    "percentage": {
        "ACTIVE": 89.58095238095238,
        "INACTIVE": 10.420536267085774,
        "INVALID": 0,
        "MALICIOUS": 0,
        "SANE": 0,
        "VALID": 0,
        "total": 100.00148864803816
    }
}