{
    "counter": {
        "ACTIVE": 19096,
        "INACTIVE": 1904,
        "INVALID": 0,
        "MALICIOUS": 0,
        "SANE": 0,
        "VALID": 0,
        "total": 21000
    },
    "percentage": {
        "ACTIVE": 90.93333333333334,
        "INACTIVE": 9.072715143428953,
        "INVALID": 0,
        "MALICIOUS": 0,
        "SANE": 0,
        "VALID": 0,
        "total": 100.00604847676229
    }
}