{
    "counter": {
        "ACTIVE": 15770,
        "INACTIVE": 5230,
        "INVALID": 0,
        "MALICIOUS": 0,
        "SANE": 0,
        "VALID": 0,
        "total": 21000
    },
    "percentage": {
        "ACTIVE": 75.0952380952381,
        "INACTIVE": 24.91069302214813,
        "INVALID": 0,
        "MALICIOUS": 0,
        "SANE": 0,
        "VALID": 0,
        "total": 100.00593111738624
    }
}