{
    "counter": {
        "ACTIVE": 19052,
        "INACTIVE": 1948,
        "INVALID": 0,
        "MALICIOUS": 0,
        "SANE": 0,
        "VALID": 0,
        "total": 21000
    },
    "percentage": {
        "ACTIVE": 90.72380952380952,
        "INACTIVE": 9.281936436841855,
        "INVALID": 0,
        "MALICIOUS": 0,
        "SANE": 0,
        "VALID": 0,
        "total": 100.00574596065138
    }
}