{
    "counter": {
        "ACTIVE": 19685,
        "INACTIVE": 1315,
        "INVALID": 0,
        "MALICIOUS": 0,
        "SANE": 0,
        "VALID": 0,
        "total": 21000
    },
    "percentage": {
        "ACTIVE": 93.73809523809524,
        "INACTIVE": 6.262799447540125,
        "INVALID": 0,
        "MALICIOUS": 0,
        "SANE": 0,
        "VALID": 0,
        "total": 100.00089468563536
    }
}