{
    "counter": {
        "ACTIVE": 18837,
        "INACTIVE": 2163,
        "INVALID": 0,
        "MALICIOUS": 0,
        "SANE": 0,
        "VALID": 0,
        "total": 21000
    },
    "percentage": {
        "ACTIVE": 89.7,
        "INACTIVE": 10.301471638805543,
        "INVALID": 0,
        "MALICIOUS": 0,
        "SANE": 0,
        "VALID": 0,
        "total": 100.00147163880554
    }
}