{
    "counter": {
        "ACTIVE": 18496,
        "INACTIVE": 2504,
        "INVALID": 0,
        "MALICIOUS": 0,
        "SANE": 0,
        "VALID": 0,
        "total": 21000
    },
    "percentage": {
        "ACTIVE": 88.07619047619048,
        "INACTIVE": 11.923809523809524,
        "INVALID": 0.0,
        "MALICIOUS": 0.0,
        "SANE": 0.0,
        "VALID": 0.0,
        "total": 100.0
    }
}