{
    "counter": {
        "ACTIVE": 19524,
        "INACTIVE": 1476,
        "INVALID": 0,
        "MALICIOUS": 0,
        "SANE": 0,
        "VALID": 0,
        "total": 21000
    },
    "percentage": {
        "ACTIVE": 92.97142857142858,
        "INACTIVE": 7.033260268750595,
        "INVALID": 0,
        "MALICIOUS": 0,
        "SANE": 0,
        "VALID": 0,
        "total": 100.00468884017917
    }
}