{
    "counter": {
        "ACTIVE": 19304,
        "INACTIVE": 1696,
        "INVALID": 0,
        "MALICIOUS": 0,
        "SANE": 0,
        "VALID": 0,
        "total": 21000
    },
    "percentage": {
        "ACTIVE": 91.92380952380952,
        "INACTIVE": 8.081578194987134,
        "INVALID": 0,
        "MALICIOUS": 0,
        "SANE": 0,
        "VALID": 0,
        "total": 100.00538771879665
    }
}